{
  "records": [
    {
      "Seq": 1,
      "DateListed": 20230401,
      "年度": 103,
      "類別": "總計",
      "項目別": "-",
      "勞動力人口_總計_人": 245668.356138663,
      "勞動力人口_就業_人": 235643.104494163,
      "勞動力人口_失業_人": 10025.2516444995,
      "男_小計_人": 135113.315267242,
      "男_就業_人": 129603.869860044,
      "男_失業_人": 5509.44540719809,
      "女_小計_人": 110555.040871424,
      "女_就業_人": 106039.234634123,
      "女_失業_人": 4515.80623730142,
      "樣本數_人": 31511.5450509378,
      "勞動力人口_總計_百分比": 99.9999999999998,
      "勞動力人口_就業_百分比": 95.9191929306348,
      "勞動力人口_失業_百分比": 4.08080706936506,
      "男_小計_百分比": 100,
      "男_就業_百分比": 95.9223519929913,
      "男_失業_百分比": 4.07764800700871,
      "女_小計_百分比": 100,
      "女_就業_百分比": 95.9153321262365,
      "女_失業_百分比": 4.08466787376373
    },
    {
      "Seq": 2,
      "DateListed": 20230401,
      "年度": 103,
      "類別": "年齡",
      "項目別": "15 ~ 19歲",
      "勞動力人口_總計_人": 8564.43957243015,
      "勞動力人口_就業_人": 7613.94440913662,
      "勞動力人口_失業_人": 950.495163293534,
      "男_小計_人": 4805.61644865184,
      "男_就業_人": 4310.91415762053,
      "男_失業_人": 494.702291031311,
      "女_小計_人": 3758.82312377832,
      "女_就業_人": 3303.0302515161,
      "女_失業_人": 455.792872262223,
      "樣本數_人": 1098.4982388274,
      "勞動力人口_總計_百分比": 100,
      "勞動力人口_就業_百分比": 88.9018405085923,
      "勞動力人口_失業_百分比": 11.0981594914077,
      "男_小計_百分比": 100,
      "男_就業_百分比": 89.7057475077917,
      "男_失業_百分比": 10.2942524922082,
      "女_小計_百分比": 100,
      "女_就業_百分比": 87.8740537329656,
      "女_失業_百分比": 12.1259462670344
    },
    {
      "Seq": 3,
      "DateListed": 20230401,
      "年度": 103,
      "類別": "年齡",
      "項目別": "20 ~ 24歲",
      "勞動力人口_總計_人": 25642.7891181931,
      "勞動力人口_就業_人": 23542.746216537,
      "勞動力人口_失業_人": 2100.04290165611,
      "男_小計_人": 12364.4666979786,
      "男_就業_人": 11228.5922994232,
      "男_失業_人": 1135.87439855539,
      "女_小計_人": 13278.3224202143,
      "女_就業_人": 12314.1539171136,
      "女_失業_人": 964.168503100726,
      "樣本數_人": 3289.11287496371,
      "勞動力人口_總計_百分比": 100,
      "勞動力人口_就業_百分比": 91.810395928553,
      "勞動力人口_失業_百分比": 8.18960407144703,
      "男_小計_百分比": 100,
      "男_就業_百分比": 90.8133975665843,
      "男_失業_百分比": 9.18660243341577,
      "女_小計_百分比": 99.9999999999999,
      "女_就業_百分比": 92.7387777417354,
      "女_失業_百分比": 7.26122225826449
    },
    {
      "Seq": 4,
      "DateListed": 20230401,
      "年度": 103,
      "類別": "年齡",
      "項目別": "25 ~ 29歲",
      "勞動力人口_總計_人": 31037.5819150925,
      "勞動力人口_就業_人": 29449.5372196931,
      "勞動力人口_失業_人": 1588.04469539939,
      "男_小計_人": 16459.397617532,
      "男_就業_人": 15594.3064135625,
      "男_失業_人": 865.091203969509,
      "女_小計_人": 14578.1842975605,
      "女_就業_人": 13855.2308061306,
      "女_失業_人": 722.953491429883,
      "樣本數_人": 3981.22564013905,
      "勞動力人口_總計_百分比": 100,
      "勞動力人口_就業_百分比": 94.883478037227,
      "勞動力人口_失業_百分比": 5.11652196277308,
      "男_小計_百分比": 100,
      "男_就業_百分比": 94.7440895221582,
      "男_失業_百分比": 5.25591047784182,
      "女_小計_百分比": 100,
      "女_就業_百分比": 95.0408536709824,
      "女_失業_百分比": 4.95914632901753
    },
    {
      "Seq": 5,
      "DateListed": 20230401,
      "年度": 103,
      "類別": "年齡",
      "項目別": "30 ~ 34歲",
      "勞動力人口_總計_人": 35039.2324744675,
      "勞動力人口_就業_人": 33905.0111326193,
      "勞動力人口_失業_人": 1134.22134184828,
      "男_小計_人": 19280.5911730902,
      "男_就業_人": 18700.1188524596,
      "男_失業_人": 580.47232063063,
      "女_小計_人": 15758.6413013774,
      "女_就業_人": 15204.8922801597,
      "女_失業_人": 553.749021217651,
      "樣本數_人": 4494.44693696694,
      "勞動力人口_總計_百分比": 100,
      "勞動力人口_就業_百分比": 96.7629960425795,
      "勞動力人口_失業_百分比": 3.23700395742049,
      "男_小計_百分比": 100,
      "男_就業_百分比": 96.9893437632722,
      "男_失業_百分比": 3.0106562367278,
      "女_小計_百分比": 100,
      "女_就業_百分比": 96.4860611354276,
      "女_失業_百分比": 3.51393886457236
    },
    {
      "Seq": 6,
      "DateListed": 20230401,
      "年度": 103,
      "類別": "年齡",
      "項目別": "35 ~ 39歲",
      "勞動力人口_總計_人": 32092.1481425771,
      "勞動力人口_就業_人": 31073.7241075274,
      "勞動力人口_失業_人": 1018.42403504972,
      "男_小計_人": 17747.568180567,
      "男_就業_人": 17188.8494578528,
      "男_失業_人": 558.718722714201,
      "女_小計_人": 14344.5799620102,
      "女_就業_人": 13884.8746496746,
      "女_失業_人": 459.705312335516,
      "樣本數_人": 4116.35516768936,
      "勞動力人口_總計_百分比": 99.9999999999999,
      "勞動力人口_就業_百分比": 96.8265632125181,
      "勞動力人口_失業_百分比": 3.17343678748185,
      "男_小計_百分比": 100,
      "男_就業_百分比": 96.8518575782907,
      "男_失業_百分比": 3.14814242170925,
      "女_小計_百分比": 99.9999999999999,
      "女_就業_百分比": 96.7952682228898,
      "女_失業_百分比": 3.20473177711015
    },
    {
      "Seq": 7,
      "DateListed": 20230401,
      "年度": 103,
      "類別": "年齡",
      "項目別": "40 ~ 44歲",
      "勞動力人口_總計_人": 30092.6807122125,
      "勞動力人口_就業_人": 29116.8651503175,
      "勞動力人口_失業_人": 975.815561894986,
      "男_小計_人": 16666.0985202236,
      "男_就業_人": 16163.7325873441,
      "男_失業_人": 502.365932879512,
      "女_小計_人": 13426.5821919889,
      "女_就業_人": 12953.1325629734,
      "女_失業_人": 473.449629015473,
      "樣本數_人": 3859.97064739498,
      "勞動力人口_總計_百分比": 100,
      "勞動力人口_就業_百分比": 96.757299320632,
      "勞動力人口_失業_百分比": 3.24270067936809,
      "男_小計_百分比": 100,
      "男_就業_百分比": 96.9857016489498,
      "男_失業_百分比": 3.01429835105026,
      "女_小計_百分比": 100,
      "女_就業_百分比": 96.4737889192831,
      "女_失業_百分比": 3.52621108071689
    }
  ]
}